Book Name,Price
Atomic Habits,Rs. 159.00
King of Sloth: addictive billionaire romance from the bestselling author of the Twisted series (Kings of Sin),Rs. 199.00
Ikigai (Hard cover),Rs. 169.00
The Psychology Of Money,Rs. 159.00
i fell in love with hope,Rs. 199.00
The Nightingale: The Bestselling Reese Witherspoon Book Club Pick,Rs. 199.00
The Seven Husbands of Evelyn Hugo,Rs. 199.00
King of Greed: from the bestselling author of the Twisted series (Kings of Sin),Rs. 199.00
"My Fault: 1 (Culpable, 1)",Rs. 299.00
The Stationery Shop Of Tehran,Rs. 199.00
The Housemaid,Rs. 199.00
The Subtle Art Of Not Giving Fuck,Rs. 169.00
Rich Dad Poor Dad,Rs. 159.00
Think Like A Monk,Rs. 169.00
Deep Work,Rs. 169.00
Games People Play: The Psychology of Human Relationships,Rs. 169.00
"The Art of Thinking Clearly: Better Thinking, Better Decisions",Rs. 169.00
Mindset,Rs. 169.00
The Compound Effect,Rs. 149.00
Twisted Series Combo ( Save extra Rs 100 ),Rs. 899.00
House of Earth and Blood,Rs. 199.00
King of Pride,Rs. 199.00
Icebreaker,Rs. 199.00
The Almanack Of Naval Ravikant,Rs. 209.00
Attitude Is Everything,Rs. 125.00
Man's Search For Meaning,Rs. 119.00
Life's Amazing Secrets,Rs. 149.00
Eat That Frog,Rs. 139.00
Start With Why,Rs. 169.00
The Alchemist,Rs. 139.00
The Secret Pulse of Time: Making Sense of Life's Scarcest Commodity,Rs. 199.00
The Intelligent Investor,Rs. 249.00
The Creative Act: A Way of Being,Rs. 299.00
Thinking Fast And Slow,Rs. 199.00
Magic Of Thinking Big,Rs. 169.00
Norwegian Wood (by Haruki Murakami),Rs. 169.00
Can't Hurt Me,Rs. 199.00
Sapiens,Rs. 199.00
The Power Of Your Subconscious Mind,Rs. 139.00
How To Win Friends And Influence People,Rs. 139.00
